ID	Category	Name	Description	Icon	Desc2	Desc3	Video1	Video2	Video3	Video4	Video5	Video6
dylan	History	Dylan					1Dylan.ogv	2Dylan.ogv	3Dylan.ogv	4Dylan.ogv	5Dylan.ogv	6Dylan.ogv
joann	History	Miss Joann					MissJoann1.ogv	MissJoann2.ogv	MissJoann3.ogv	MissJoann4.ogv	MissJoann5.ogv	MissJoann6.ogv
nillie	History	Miss Nillie					MissNellie1.ogv	MissNellie2.ogv	MissNellie3.ogv	MissNellie4.ogv	MissNellie5.ogv	MissNellie6.ogv
brannon	History	Brannon					Brannon1.ogv	Brannon2.ogv	Brannon3.ogv	Brannon4.ogv	Brannon5.ogv	Brannon6.ogv
atlantis	History	Atlantis					Atlantis1.ogv	Atlantis2.ogv	Atlantis3.ogv	Atlantis4.ogv	Atlantis5.ogv	Atlantis6.ogv
big_dawg	History	USAF Big Dawg					BigDawg1.ogv	BigDawg2.ogv	BigDawg3.ogv	BigDawg4.ogv	BigDawg5.ogv	BigDawg6.ogv
monica_lee	History	Minical Lee										
BC-Brannon1-3	SCUBA						BC-Brannon1.ogv	BC-Brannon2.ogv	BC-Brannon3.ogv			
BCN-Brannon1-2	SCUBA						BCN-Brannon1.ogv	BCN-Brannon2.ogv				
CC-Brannon1-2	SCUBA						CC-Brannon1.ogv	CC-Brannon2.ogv				
FC-Brannon1	SCUBA						FC-Brannon1.ogv					
LBC-Brannon1-3	SCUBA						LBC-Brannon1.ogv	LBC-Brannon2.ogv	LBC-Brannon3.ogv			
LCS-Brannon1-2	SCUBA						LCS-Brannon1.ogv	LCS-Brannon2.ogv				
LFC-Brannon1-2	SCUBA						LFC-Brannon1.ogv	LFC-Brannon2.ogv				
LFS-Brannon1-3	SCUBA						LFS-Brannon1.ogv	LFS-Brannon2.ogv	LFS-Brannon3.ogv			
RBC-Brannon1-4	SCUBA						RBC-Brannon1.ogv	RBC-Brannon2.ogv	RBC-Brannon3.ogv	RBC-Brannon4.ogv		
RFC-Brannon1-2	SCUBA						RFC-Brannon1.ogv	RFC-Brannon2.ogv				
RSC-Brannon1-2	SCUBA						RSC-Brannon1.ogv	RSC-Brannon2.ogv				
RSCN-Brannon1-3	SCUBA						RSCN-Brannon1.ogv	RSCN-Brannon2.ogv	RSCN-Brannon3.ogv			
dive_xtras	DPV						DiveXtrasScanner1.ogv	DiveXtrasScanner2.ogv	DiveXtrasScanner3.ogv	DiveXtrasScanner4.ogv	DiveXtrasScanner5.ogv	
dive_xtras2	DPV						DiveScanner1.ogv	DiveScanner2.ogv	DiveScanner3.ogv	DiveScanner4.ogv	DiveScanner5.ogv	
1BC_joann1-2	SCUBA						1BC_joann1.ogv	1BC_joann2.ogv				
2BLC_joann1-3	SCUBA						2BLC_joann1.ogv	2BLC_joann2.ogv	2BLC_joann3.ogv			
3LSC_joann1-3	SCUBA						3LSC_joann1.ogv	3LSC_joann2.ogv	3LSC_joann3.ogv			
4FLC_joann1-4	SCUBA						4FLC_joann1.ogv	4FLC_joann2.ogv	4FLC_joann3.ogv	4FLC_joann4.ogv		
5RFC_joann1-4	SCUBA						5RFC_joann1.ogv	5RFC_joann2.ogv	5RFC_joann3.ogv	5RFC_joann4.ogv		
6RBC_joann1-2	SCUBA						6RBC_joann1.ogv	6RBC_joann2.ogv				
BCU1-2	SCUBA						Dawg- BCU1.ogv	Dawg- BCU2.ogv				
BLC1-2	SCUBA						Dawg-BLC1.ogv	Dawg-BLC2.ogv				
CC1-2	SCUBA						Dawg-CC1.ogv	Dawg-CC2.ogv				
TBLC1-3	SCUBA						Dawg-TBLC1.ogv	Dawg-TBLC2.ogv	Dawg-TBLC3.ogv			
UH1-3	SCUBA						Dawg-UH1.ogv	Dawg-UH2.ogv	Dawg-UH3.ogv			
AtlantisFB1-3	SCUBA						AtlantisFB1.ogv	AtlantisFB2.ogv	AtlantisFB3.ogv			
AtlantisFLB1-2	SCUBA						AtlantisFLB1.ogv	AtlantisFLB2.ogv				
AtlantisRSD1-3	SCUBA						AtlantisRSD1.ogv	AtlantisRSD2.ogv	AtlantisRSD3.ogv			
AtlantisBLC1-2	SCUBA						AtlantisBLC1.ogv	AtlantisBLC2.ogv				
UFRC-Nellie	SCUBA						UFRC-Nellie.ogv					
ULSC-Nellie	SCUBA						ULSC-Nellie.ogv					
LSC-Nellie1-4	SCUBA						LSC-Nellie1.ogv	LSC-Nellie2.ogv	LSC-Nellie3.ogv	LSC-Nellie4.ogv		
URSF-Nellie1-2	SCUBA						URSF-Nellie1.ogv	URSF-Nellie2.ogv				
URSB-Nellie1-2	SCUBA						URSB-Nellie1.ogv	URSB-Nellie2.ogv				
RBC1-2	SCUBA						RBC-Nellie1.ogv	RBC-Nellie2.ogv				
UBCR-Nellie1-2	SCUBA						UBCR-Nellie1.ogv	UBCR-Nellie2.ogv				